epoch,step,train/cardinality_error,train/cardinality_error_0,train/cardinality_error_enc,train/class_error,train/loss,train/loss_bbox,train/loss_bbox_0,train/loss_bbox_enc,train/loss_ce,train/loss_ce_0,train/loss_ce_enc,train/loss_giou,train/loss_giou_0,train/loss_giou_enc,train/lr,train/lr_max,train/lr_min,val/AP/Gun,val/AP/Knife,val/AP/Pliers,val/AP/Scissors,val/AP/Wrench,val/F1,val/ema_mAP_50,val/ema_mAP_50_95,val/ema_mAR,val/loss,val/mAP_50,val/mAP_50_95,val/mAP_75,val/mAR,val/precision,val/recall
0,49,,,,,,,,,,,,,,,9.999999747378752e-05,9.999999747378752e-05,3.232564267818816e-06,,,,,,,,,,,,,,,,
0,99,,,,,,,,,,,,,,,9.999999747378752e-05,9.999999747378752e-05,3.232564267818816e-06,,,,,,,,,,,,,,,,
0,149,,,,,,,,,,,,,,,9.999999747378752e-05,9.999999747378752e-05,3.232564267818816e-06,,,,,,,,,,,,,,,,
0,199,,,,,,,,,,,,,,,9.999999747378752e-05,9.999999747378752e-05,3.232564267818816e-06,,,,,,,,,,,,,,,,
0,249,,,,,,,,,,,,,,,9.999999747378752e-05,9.999999747378752e-05,3.232564267818816e-06,,,,,,,,,,,,,,,,
0,299,,,,,,,,,,,,,,,9.999999747378752e-05,9.999999747378752e-05,3.232564267818816e-06,,,,,,,,,,,,,,,,
0,349,,,,,,,,,,,,,,,9.999999747378752e-05,9.999999747378752e-05,3.232564267818816e-06,,,,,,,,,,,,,,,,
0,363,,,,,,,,,,,,,,,,,,0.4452478885650635,0.3559422791004181,0.32563963532447815,0.25290438532829285,0.3430168926715851,0.6563252806663513,0.6933923363685608,0.3642573952674866,0.6433342695236206,5.169535160064697,0.671018123626709,0.344550222158432,0.3049108684062958,0.6307439208030701,0.7602516412734985,0.5796324014663696
0,363,3891.537353515625,3881.639404296875,3719.366455078125,25.185277938842773,5.747154235839844,0.07620252668857574,0.07819391787052155,0.08367005735635757,0.954078197479248,0.9914047718048096,0.9602479934692383,0.2673804461956024,0.27143430709838867,0.28673043847084045,,,,,,,,,,,,,,,,,,,
1,399,,,,,,,,,,,,,,,9.999999747378752e-05,9.999999747378752e-05,3.232564267818816e-06,,,,,,,,,,,,,,,,
1,449,,,,,,,,,,,,,,,9.999999747378752e-05,9.999999747378752e-05,3.232564267818816e-06,,,,,,,,,,,,,,,,
1,499,,,,,,,,,,,,,,,9.999999747378752e-05,9.999999747378752e-05,3.232564267818816e-06,,,,,,,,,,,,,,,,
1,549,,,,,,,,,,,,,,,9.999999747378752e-05,9.999999747378752e-05,3.232564267818816e-06,,,,,,,,,,,,,,,,
1,599,,,,,,,,,,,,,,,9.999999747378752e-05,9.999999747378752e-05,3.232564267818816e-06,,,,,,,,,,,,,,,,
1,649,,,,,,,,,,,,,,,9.999999747378752e-05,9.999999747378752e-05,3.232564267818816e-06,,,,,,,,,,,,,,,,
1,699,,,,,,,,,,,,,,,9.999999747378752e-05,9.999999747378752e-05,3.232564267818816e-06,,,,,,,,,,,,,,,,
1,727,,,,,,,,,,,,,,,,,,0.5281306505203247,0.43076449632644653,0.3771372139453888,0.3262183368206024,0.39802467823028564,0.6988248825073242,0.7492997646331787,0.4258815348148346,0.6784729957580566,4.794369220733643,0.7351140379905701,0.4120550751686096,0.4085231423377991,0.6675105094909668,0.7990094423294067,0.6305279731750488
1,727,3895.764404296875,3893.494140625,3695.043701171875,12.036163330078125,5.195136547088623,0.06965985894203186,0.07221721112728119,0.07913016527891159,0.8340997099876404,0.8752674460411072,0.8511233329772949,0.2448083907365799,0.25074368715286255,0.2692530155181885,,,,,,,,,,,,,,,,,,,
2,749,,,,,,,,,,,,,,,9.999999747378752e-05,9.999999747378752e-05,3.232564267818816e-06,,,,,,,,,,,,,,,,
2,799,,,,,,,,,,,,,,,9.999999747378752e-05,9.999999747378752e-05,3.232564267818816e-06,,,,,,,,,,,,,,,,
2,849,,,,,,,,,,,,,,,9.999999747378752e-05,9.999999747378752e-05,3.232564267818816e-06,,,,,,,,,,,,,,,,
2,899,,,,,,,,,,,,,,,9.999999747378752e-05,9.999999747378752e-05,3.232564267818816e-06,,,,,,,,,,,,,,,,
2,949,,,,,,,,,,,,,,,9.999999747378752e-05,9.999999747378752e-05,3.232564267818816e-06,,,,,,,,,,,,,,,,
2,999,,,,,,,,,,,,,,,9.999999747378752e-05,9.999999747378752e-05,3.232564267818816e-06,,,,,,,,,,,,,,,,
2,1049,,,,,,,,,,,,,,,9.999999747378752e-05,9.999999747378752e-05,3.232564267818816e-06,,,,,,,,,,,,,,,,
2,1091,,,,,,,,,,,,,,,,,,0.5709136724472046,0.44838279485702515,0.3783070147037506,0.3173920512199402,0.4357650876045227,0.7303115129470825,0.7756372094154358,0.45901602506637573,0.6944751143455505,4.590160846710205,0.7582777142524719,0.43015211820602417,0.4471595883369446,0.6805562376976013,0.8006339073181152,0.6802266240119934
2,1091,3895.865966796875,3884.705322265625,3711.630615234375,9.591718673706055,4.890002727508545,0.06553659588098526,0.06751708686351776,0.0749317929148674,0.7812679409980774,0.8250293135643005,0.8073520660400391,0.22914010286331177,0.23490546643733978,0.2541672885417938,,,,,,,,,,,,,,,,,,,
3,1099,,,,,,,,,,,,,,,9.999999747378752e-05,9.999999747378752e-05,3.232564267818816e-06,,,,,,,,,,,,,,,,
3,1149,,,,,,,,,,,,,,,9.999999747378752e-05,9.999999747378752e-05,3.232564267818816e-06,,,,,,,,,,,,,,,,
3,1199,,,,,,,,,,,,,,,9.999999747378752e-05,9.999999747378752e-05,3.232564267818816e-06,,,,,,,,,,,,,,,,
3,1249,,,,,,,,,,,,,,,9.999999747378752e-05,9.999999747378752e-05,3.232564267818816e-06,,,,,,,,,,,,,,,,
3,1299,,,,,,,,,,,,,,,9.999999747378752e-05,9.999999747378752e-05,3.232564267818816e-06,,,,,,,,,,,,,,,,
3,1349,,,,,,,,,,,,,,,9.999999747378752e-05,9.999999747378752e-05,3.232564267818816e-06,,,,,,,,,,,,,,,,
3,1399,,,,,,,,,,,,,,,9.999999747378752e-05,9.999999747378752e-05,3.232564267818816e-06,,,,,,,,,,,,,,,,
3,1449,,,,,,,,,,,,,,,9.999999747378752e-05,9.999999747378752e-05,3.232564267818816e-06,,,,,,,,,,,,,,,,
3,1455,,,,,,,,,,,,,,,,,,0.5596269369125366,0.49210405349731445,0.4248039424419403,0.36794421076774597,0.44587433338165283,0.7576082348823547,0.7968944311141968,0.4909566342830658,0.7094382643699646,4.42264986038208,0.7943291664123535,0.45807069540023804,0.48099207878112793,0.6915326118469238,0.8414607644081116,0.6938652396202087
3,1455,3896.92724609375,3883.997314453125,3715.3310546875,8.703071594238281,4.805352687835693,0.06363917142152786,0.0656035840511322,0.07178883999586105,0.7694242596626282,0.8097584247589111,0.7919373512268066,0.22839586436748505,0.23482133448123932,0.25131961703300476,,,,,,,,,,,,,,,,,,,
4,1499,,,,,,,,,,,,,,,9.999999747378752e-05,9.999999747378752e-05,3.232564267818816e-06,,,,,,,,,,,,,,,,
4,1549,,,,,,,,,,,,,,,9.999999747378752e-05,9.999999747378752e-05,3.232564267818816e-06,,,,,,,,,,,,,,,,
4,1599,,,,,,,,,,,,,,,9.999999747378752e-05,9.999999747378752e-05,3.232564267818816e-06,,,,,,,,,,,,,,,,
4,1649,,,,,,,,,,,,,,,9.999999747378752e-05,9.999999747378752e-05,3.232564267818816e-06,,,,,,,,,,,,,,,,
4,1699,,,,,,,,,,,,,,,9.999999747378752e-05,9.999999747378752e-05,3.232564267818816e-06,,,,,,,,,,,,,,,,
4,1749,,,,,,,,,,,,,,,9.999999747378752e-05,9.999999747378752e-05,3.232564267818816e-06,,,,,,,,,,,,,,,,
4,1799,,,,,,,,,,,,,,,9.999999747378752e-05,9.999999747378752e-05,3.232564267818816e-06,,,,,,,,,,,,,,,,
4,1819,,,,,,,,,,,,,,,,,,0.6113624572753906,0.4640088677406311,0.4354270398616791,0.4044189453125,0.47472426295280457,0.7547791600227356,0.8232870697975159,0.5105401277542114,0.7079566717147827,4.344265460968018,0.7997457981109619,0.4779883325099945,0.5025425553321838,0.685958981513977,0.8667909502983093,0.6767911911010742
4,1819,3897.206787109375,3894.934814453125,3704.2236328125,7.343481063842773,4.517967224121094,0.05969716235995293,0.06185276806354523,0.06839742511510849,0.7186564207077026,0.7611018419265747,0.7453217506408691,0.21413469314575195,0.2199418991804123,0.23749825358390808,,,,,,,,,,,,,,,,,,,
5,1849,,,,,,,,,,,,,,,9.999999747378752e-05,9.999999747378752e-05,3.232564267818816e-06,,,,,,,,,,,,,,,,
5,1899,,,,,,,,,,,,,,,9.999999747378752e-05,9.999999747378752e-05,3.232564267818816e-06,,,,,,,,,,,,,,,,
5,1949,,,,,,,,,,,,,,,9.999999747378752e-05,9.999999747378752e-05,3.232564267818816e-06,,,,,,,,,,,,,,,,
5,1999,,,,,,,,,,,,,,,9.999999747378752e-05,9.999999747378752e-05,3.232564267818816e-06,,,,,,,,,,,,,,,,
5,2049,,,,,,,,,,,,,,,9.999999747378752e-05,9.999999747378752e-05,3.232564267818816e-06,,,,,,,,,,,,,,,,
5,2099,,,,,,,,,,,,,,,9.999999747378752e-05,9.999999747378752e-05,3.232564267818816e-06,,,,,,,,,,,,,,,,
5,2149,,,,,,,,,,,,,,,9.999999747378752e-05,9.999999747378752e-05,3.232564267818816e-06,,,,,,,,,,,,,,,,
5,2183,,,,,,,,,,,,,,,,,,0.6351634860038757,0.4947929084300995,0.4595487713813782,0.4223076105117798,0.4698750972747803,0.7710317969322205,0.8333202600479126,0.526606559753418,0.7068506479263306,4.287347793579102,0.8123697638511658,0.4963375926017761,0.5319221615791321,0.7086800932884216,0.8583704233169556,0.7026315331459045
5,2183,3897.656005859375,3883.031494140625,3719.4892578125,6.832272529602051,4.454652786254883,0.05892549827694893,0.06129883602261543,0.06740196794271469,0.7010194063186646,0.7450345158576965,0.7270596623420715,0.2141066938638687,0.22011864185333252,0.23747773468494415,,,,,,,,,,,,,,,,,,,
6,2199,,,,,,,,,,,,,,,9.999999747378752e-05,9.999999747378752e-05,3.232564267818816e-06,,,,,,,,,,,,,,,,
6,2249,,,,,,,,,,,,,,,9.999999747378752e-05,9.999999747378752e-05,3.232564267818816e-06,,,,,,,,,,,,,,,,
6,2299,,,,,,,,,,,,,,,9.999999747378752e-05,9.999999747378752e-05,3.232564267818816e-06,,,,,,,,,,,,,,,,
6,2349,,,,,,,,,,,,,,,9.999999747378752e-05,9.999999747378752e-05,3.232564267818816e-06,,,,,,,,,,,,,,,,
6,2399,,,,,,,,,,,,,,,9.999999747378752e-05,9.999999747378752e-05,3.232564267818816e-06,,,,,,,,,,,,,,,,
6,2449,,,,,,,,,,,,,,,9.999999747378752e-05,9.999999747378752e-05,3.232564267818816e-06,,,,,,,,,,,,,,,,
6,2499,,,,,,,,,,,,,,,9.999999747378752e-05,9.999999747378752e-05,3.232564267818816e-06,,,,,,,,,,,,,,,,
6,2547,,,,,,,,,,,,,,,,,,0.6353566646575928,0.5249989628791809,0.467912882566452,0.417064905166626,0.5293647050857544,0.769740104675293,0.8476938009262085,0.533656895160675,0.7164435386657715,4.214681148529053,0.8256611227989197,0.5149396061897278,0.5606353282928467,0.6977506279945374,0.8450280427932739,0.7129454612731934
6,2547,3897.972412109375,3884.716796875,3732.9560546875,6.057802200317383,4.286599159240723,0.05568687617778778,0.05761284753680229,0.06415398418903351,0.6819639801979065,0.7258766293525696,0.7132959961891174,0.20343977212905884,0.20882101356983185,0.22683681547641754,,,,,,,,,,,,,,,,,,,
7,2549,,,,,,,,,,,,,,,9.999999747378752e-05,9.999999747378752e-05,3.232564267818816e-06,,,,,,,,,,,,,,,,
7,2599,,,,,,,,,,,,,,,9.999999747378752e-05,9.999999747378752e-05,3.232564267818816e-06,,,,,,,,,,,,,,,,
7,2649,,,,,,,,,,,,,,,9.999999747378752e-05,9.999999747378752e-05,3.232564267818816e-06,,,,,,,,,,,,,,,,
7,2699,,,,,,,,,,,,,,,9.999999747378752e-05,9.999999747378752e-05,3.232564267818816e-06,,,,,,,,,,,,,,,,
7,2749,,,,,,,,,,,,,,,9.999999747378752e-05,9.999999747378752e-05,3.232564267818816e-06,,,,,,,,,,,,,,,,
7,2799,,,,,,,,,,,,,,,9.999999747378752e-05,9.999999747378752e-05,3.232564267818816e-06,,,,,,,,,,,,,,,,
7,2849,,,,,,,,,,,,,,,9.999999747378752e-05,9.999999747378752e-05,3.232564267818816e-06,,,,,,,,,,,,,,,,
7,2899,,,,,,,,,,,,,,,9.999999747378752e-05,9.999999747378752e-05,3.232564267818816e-06,,,,,,,,,,,,,,,,
7,2911,,,,,,,,,,,,,,,,,,0.6661655306816101,0.5468174815177917,0.4861900210380554,0.4094085693359375,0.5193151831626892,0.7828302979469299,0.8482882380485535,0.5479497909545898,0.7296364903450012,4.160568714141846,0.8296398520469666,0.5255793333053589,0.5677504539489746,0.7106956839561462,0.8874305486679077,0.7050991058349609
7,2911,3897.81494140625,3880.423095703125,3715.781005859375,5.6449151039123535,4.293241024017334,0.056067273020744324,0.05817754566669464,0.06430433690547943,0.6794992089271545,0.7260431051254272,0.7153828144073486,0.20364469289779663,0.20955610275268555,0.22658377885818481,,,,,,,,,,,,,,,,,,,
8,2949,,,,,,,,,,,,,,,9.999999747378752e-05,9.999999747378752e-05,3.232564267818816e-06,,,,,,,,,,,,,,,,
8,2999,,,,,,,,,,,,,,,9.999999747378752e-05,9.999999747378752e-05,3.232564267818816e-06,,,,,,,,,,,,,,,,
8,3049,,,,,,,,,,,,,,,9.999999747378752e-05,9.999999747378752e-05,3.232564267818816e-06,,,,,,,,,,,,,,,,
8,3099,,,,,,,,,,,,,,,9.999999747378752e-05,9.999999747378752e-05,3.232564267818816e-06,,,,,,,,,,,,,,,,
8,3149,,,,,,,,,,,,,,,9.999999747378752e-05,9.999999747378752e-05,3.232564267818816e-06,,,,,,,,,,,,,,,,
8,3199,,,,,,,,,,,,,,,9.999999747378752e-05,9.999999747378752e-05,3.232564267818816e-06,,,,,,,,,,,,,,,,
8,3249,,,,,,,,,,,,,,,9.999999747378752e-05,9.999999747378752e-05,3.232564267818816e-06,,,,,,,,,,,,,,,,
8,3275,,,,,,,,,,,,,,,,,,0.6601560711860657,0.5411392450332642,0.49300187826156616,0.44473564624786377,0.5340027213096619,0.7909513711929321,0.843958854675293,0.5583909749984741,0.7314859628677368,4.114730358123779,0.8396628499031067,0.5346071124076843,0.6069377064704895,0.7148393392562866,0.8728550672531128,0.7276028990745544
8,3275,3897.85400390625,3892.32275390625,3706.222412109375,4.9123711585998535,4.214408874511719,0.0544658862054348,0.05655153468251228,0.0630684643983841,0.6660616993904114,0.708001434803009,0.6976444125175476,0.2019650638103485,0.2083292156457901,0.22584129869937897,,,,,,,,,,,,,,,,,,,
9,3299,,,,,,,,,,,,,,,9.999999747378752e-05,9.999999747378752e-05,3.232564267818816e-06,,,,,,,,,,,,,,,,
9,3349,,,,,,,,,,,,,,,9.999999747378752e-05,9.999999747378752e-05,3.232564267818816e-06,,,,,,,,,,,,,,,,
9,3399,,,,,,,,,,,,,,,9.999999747378752e-05,9.999999747378752e-05,3.232564267818816e-06,,,,,,,,,,,,,,,,
9,3449,,,,,,,,,,,,,,,9.999999747378752e-05,9.999999747378752e-05,3.232564267818816e-06,,,,,,,,,,,,,,,,
9,3499,,,,,,,,,,,,,,,9.999999747378752e-05,9.999999747378752e-05,3.232564267818816e-06,,,,,,,,,,,,,,,,
9,3549,,,,,,,,,,,,,,,9.999999747378752e-05,9.999999747378752e-05,3.232564267818816e-06,,,,,,,,,,,,,,,,
9,3599,,,,,,,,,,,,,,,9.999999747378752e-05,9.999999747378752e-05,3.232564267818816e-06,,,,,,,,,,,,,,,,
9,3639,,,,,,,,,,,,,,,,,,0.6728890538215637,0.5493578314781189,0.4942132234573364,0.4810623824596405,0.5443698763847351,0.8091131448745728,0.8562595844268799,0.5720854997634888,0.7340295910835266,4.012051105499268,0.8504411578178406,0.5483784675598145,0.6100612878799438,0.7164513468742371,0.8589479327201843,0.7677325010299683
9,3639,3898.009033203125,3891.978271484375,3734.76953125,5.117114543914795,4.131368637084961,0.053405918180942535,0.05538254603743553,0.06163816526532173,0.6589746475219727,0.7034112215042114,0.6931853890419006,0.19439558684825897,0.19992254674434662,0.2175142914056778,,,,,,,,,,,,,,,,,,,
10,3649,,,,,,,,,,,,,,,9.999999747378752e-05,9.999999747378752e-05,3.232564267818816e-06,,,,,,,,,,,,,,,,
10,3699,,,,,,,,,,,,,,,9.999999747378752e-05,9.999999747378752e-05,3.232564267818816e-06,,,,,,,,,,,,,,,,
10,3749,,,,,,,,,,,,,,,9.999999747378752e-05,9.999999747378752e-05,3.232564267818816e-06,,,,,,,,,,,,,,,,
10,3799,,,,,,,,,,,,,,,9.999999747378752e-05,9.999999747378752e-05,3.232564267818816e-06,,,,,,,,,,,,,,,,
10,3849,,,,,,,,,,,,,,,9.999999747378752e-05,9.999999747378752e-05,3.232564267818816e-06,,,,,,,,,,,,,,,,
10,3899,,,,,,,,,,,,,,,9.999999747378752e-05,9.999999747378752e-05,3.232564267818816e-06,,,,,,,,,,,,,,,,
10,3949,,,,,,,,,,,,,,,9.999999747378752e-05,9.999999747378752e-05,3.232564267818816e-06,,,,,,,,,,,,,,,,
10,3999,,,,,,,,,,,,,,,9.999999747378752e-05,9.999999747378752e-05,3.232564267818816e-06,,,,,,,,,,,,,,,,
10,4003,,,,,,,,,,,,,,,,,,0.6815575957298279,0.5704513192176819,0.5238791108131409,0.48057642579078674,0.5418041348457336,0.8096306324005127,0.8675995469093323,0.5815749168395996,0.7404776811599731,3.9550669193267822,0.8554309010505676,0.5596536993980408,0.6292822957038879,0.7281612157821655,0.8448982834815979,0.7795875072479248
10,4003,3897.602294921875,3887.847412109375,3727.927978515625,4.855796813964844,4.069194793701172,0.05328819155693054,0.05523446202278137,0.06097513809800148,0.6384947299957275,0.6826008558273315,0.6726599335670471,0.1956244707107544,0.2014201432466507,0.2169293612241745,,,,,,,,,,,,,,,,,,,
11,4049,,,,,,,,,,,,,,,9.999999747378752e-05,9.999999747378752e-05,3.232564267818816e-06,,,,,,,,,,,,,,,,
11,4099,,,,,,,,,,,,,,,9.999999747378752e-05,9.999999747378752e-05,3.232564267818816e-06,,,,,,,,,,,,,,,,
11,4149,,,,,,,,,,,,,,,9.999999747378752e-05,9.999999747378752e-05,3.232564267818816e-06,,,,,,,,,,,,,,,,
11,4199,,,,,,,,,,,,,,,9.999999747378752e-05,9.999999747378752e-05,3.232564267818816e-06,,,,,,,,,,,,,,,,
11,4249,,,,,,,,,,,,,,,9.999999747378752e-05,9.999999747378752e-05,3.232564267818816e-06,,,,,,,,,,,,,,,,
11,4299,,,,,,,,,,,,,,,9.999999747378752e-05,9.999999747378752e-05,3.232564267818816e-06,,,,,,,,,,,,,,,,
11,4349,,,,,,,,,,,,,,,9.999999747378752e-05,9.999999747378752e-05,3.232564267818816e-06,,,,,,,,,,,,,,,,
11,4367,,,,,,,,,,,,,,,,,,0.7003237009048462,0.5655668377876282,0.5331687331199646,0.4921405017375946,0.5609644651412964,0.8176692128181458,0.8781548142433167,0.5936455130577087,0.7410143613815308,3.9086344242095947,0.8683356642723083,0.5704328417778015,0.6347262263298035,0.7386156320571899,0.8659754395484924,0.7760890126228333
11,4367,3897.445068359375,3892.845703125,3700.918701171875,4.805644989013672,4.072854042053223,0.05297492444515228,0.054437149316072464,0.06086049601435661,0.6428266763687134,0.6901124715805054,0.682475209236145,0.19448740780353546,0.19864720106124878,0.21490328013896942,,,,,,,,,,,,,,,,,,,
12,4399,,,,,,,,,,,,,,,9.999999747378752e-05,9.999999747378752e-05,3.232564267818816e-06,,,,,,,,,,,,,,,,
12,4449,,,,,,,,,,,,,,,9.999999747378752e-05,9.999999747378752e-05,3.232564267818816e-06,,,,,,,,,,,,,,,,
12,4499,,,,,,,,,,,,,,,9.999999747378752e-05,9.999999747378752e-05,3.232564267818816e-06,,,,,,,,,,,,,,,,
12,4549,,,,,,,,,,,,,,,9.999999747378752e-05,9.999999747378752e-05,3.232564267818816e-06,,,,,,,,,,,,,,,,
12,4599,,,,,,,,,,,,,,,9.999999747378752e-05,9.999999747378752e-05,3.232564267818816e-06,,,,,,,,,,,,,,,,
12,4649,,,,,,,,,,,,,,,9.999999747378752e-05,9.999999747378752e-05,3.232564267818816e-06,,,,,,,,,,,,,,,,
12,4699,,,,,,,,,,,,,,,9.999999747378752e-05,9.999999747378752e-05,3.232564267818816e-06,,,,,,,,,,,,,,,,
12,4731,,,,,,,,,,,,,,,,,,0.6852760910987854,0.5854489803314209,0.5353305339813232,0.5079801678657532,0.5501367449760437,0.8206952810287476,0.8849455714225769,0.5942666530609131,0.7430593967437744,3.882713794708252,0.8714339137077332,0.5728344917297363,0.6240187883377075,0.7346975803375244,0.8817548155784607,0.7718181610107422
12,4731,3897.232177734375,3896.357421875,3701.49169921875,5.42169713973999,4.032751560211182,0.052950989454984665,0.05484902858734131,0.06094292178750038,0.6318648457527161,0.6789825558662415,0.6675421595573425,0.19321492314338684,0.19822613894939423,0.21388332545757294,,,,,,,,,,,,,,,,,,,
13,4749,,,,,,,,,,,,,,,9.999999747378752e-05,9.999999747378752e-05,3.232564267818816e-06,,,,,,,,,,,,,,,,
13,4799,,,,,,,,,,,,,,,9.999999747378752e-05,9.999999747378752e-05,3.232564267818816e-06,,,,,,,,,,,,,,,,
13,4849,,,,,,,,,,,,,,,9.999999747378752e-05,9.999999747378752e-05,3.232564267818816e-06,,,,,,,,,,,,,,,,
13,4899,,,,,,,,,,,,,,,9.999999747378752e-05,9.999999747378752e-05,3.232564267818816e-06,,,,,,,,,,,,,,,,
13,4949,,,,,,,,,,,,,,,9.999999747378752e-05,9.999999747378752e-05,3.232564267818816e-06,,,,,,,,,,,,,,,,
13,4999,,,,,,,,,,,,,,,9.999999747378752e-05,9.999999747378752e-05,3.232564267818816e-06,,,,,,,,,,,,,,,,
13,5049,,,,,,,,,,,,,,,9.999999747378752e-05,9.999999747378752e-05,3.232564267818816e-06,,,,,,,,,,,,,,,,
13,5095,,,,,,,,,,,,,,,,,,0.6897674798965454,0.559167742729187,0.5241960883140564,0.5036694407463074,0.5651445984840393,0.814972460269928,0.8816060423851013,0.5908561944961548,0.7326723337173462,3.9266085624694824,0.8612192869186401,0.5683890581130981,0.6229245662689209,0.7289077043533325,0.8708375096321106,0.7680413126945496
13,5095,3897.373046875,3894.1748046875,3736.517822265625,4.063589572906494,3.8414082527160645,0.049452416598796844,0.05134189501404762,0.05597749724984169,0.6049062013626099,0.6483645439147949,0.6427655816078186,0.18557727336883545,0.19070985913276672,0.20446838438510895,,,,,,,,,,,,,,,,,,,
14,5099,,,,,,,,,,,,,,,9.999999747378752e-05,9.999999747378752e-05,3.232564267818816e-06,,,,,,,,,,,,,,,,
14,5149,,,,,,,,,,,,,,,9.999999747378752e-05,9.999999747378752e-05,3.232564267818816e-06,,,,,,,,,,,,,,,,
14,5199,,,,,,,,,,,,,,,9.999999747378752e-05,9.999999747378752e-05,3.232564267818816e-06,,,,,,,,,,,,,,,,
14,5249,,,,,,,,,,,,,,,9.999999747378752e-05,9.999999747378752e-05,3.232564267818816e-06,,,,,,,,,,,,,,,,
14,5299,,,,,,,,,,,,,,,9.999999747378752e-05,9.999999747378752e-05,3.232564267818816e-06,,,,,,,,,,,,,,,,
14,5349,,,,,,,,,,,,,,,9.999999747378752e-05,9.999999747378752e-05,3.232564267818816e-06,,,,,,,,,,,,,,,,
14,5399,,,,,,,,,,,,,,,9.999999747378752e-05,9.999999747378752e-05,3.232564267818816e-06,,,,,,,,,,,,,,,,
14,5449,,,,,,,,,,,,,,,9.999999747378752e-05,9.999999747378752e-05,3.232564267818816e-06,,,,,,,,,,,,,,,,
14,5459,,,,,,,,,,,,,,,,,,0.6975848078727722,0.5990102887153625,0.5451632142066956,0.508289098739624,0.5636901259422302,0.8372659683227539,0.8847106695175171,0.5928167104721069,0.7370361089706421,3.8254640102386475,0.8783717751502991,0.5827475190162659,0.6470398902893066,0.727449893951416,0.9012841582298279,0.7842276096343994
14,5459,3897.208740234375,3892.623291015625,3747.19775390625,3.953911066055298,3.851790189743042,0.049171082675457,0.051145076751708984,0.057392850518226624,0.6044861674308777,0.6511051058769226,0.6480493545532227,0.18382984399795532,0.1901988983154297,0.20577353239059448,,,,,,,,,,,,,,,,,,,
15,5499,,,,,,,,,,,,,,,9.999999747378752e-05,9.999999747378752e-05,3.232564267818816e-06,,,,,,,,,,,,,,,,
15,5549,,,,,,,,,,,,,,,9.999999747378752e-05,9.999999747378752e-05,3.232564267818816e-06,,,,,,,,,,,,,,,,
15,5599,,,,,,,,,,,,,,,9.999999747378752e-05,9.999999747378752e-05,3.232564267818816e-06,,,,,,,,,,,,,,,,
15,5649,,,,,,,,,,,,,,,9.999999747378752e-05,9.999999747378752e-05,3.232564267818816e-06,,,,,,,,,,,,,,,,
15,5699,,,,,,,,,,,,,,,9.999999747378752e-05,9.999999747378752e-05,3.232564267818816e-06,,,,,,,,,,,,,,,,
15,5749,,,,,,,,,,,,,,,9.999999747378752e-05,9.999999747378752e-05,3.232564267818816e-06,,,,,,,,,,,,,,,,
15,5799,,,,,,,,,,,,,,,9.999999747378752e-05,9.999999747378752e-05,3.232564267818816e-06,,,,,,,,,,,,,,,,
15,5823,,,,,,,,,,,,,,,,,,0.7085587382316589,0.5938927531242371,0.5476145148277283,0.48787423968315125,0.5603904724121094,0.843040943145752,0.8845705389976501,0.601731538772583,0.7404175400733948,3.778292417526245,0.8729155659675598,0.5796661376953125,0.6408575773239136,0.7355664968490601,0.9005047082901001,0.7958887815475464
15,5823,3896.69091796875,3885.23828125,3709.902587890625,3.852451801300049,3.8532795906066895,0.04983016476035118,0.05169893056154251,0.05742732062935829,0.6032211780548096,0.651643693447113,0.6461837887763977,0.1842980831861496,0.18962141871452332,0.2048056274652481,,,,,,,,,,,,,,,,,,,
16,5849,,,,,,,,,,,,,,,9.999999747378752e-05,9.999999747378752e-05,3.232564267818816e-06,,,,,,,,,,,,,,,,
16,5899,,,,,,,,,,,,,,,9.999999747378752e-05,9.999999747378752e-05,3.232564267818816e-06,,,,,,,,,,,,,,,,
16,5949,,,,,,,,,,,,,,,9.999999747378752e-05,9.999999747378752e-05,3.232564267818816e-06,,,,,,,,,,,,,,,,
16,5999,,,,,,,,,,,,,,,9.999999747378752e-05,9.999999747378752e-05,3.232564267818816e-06,,,,,,,,,,,,,,,,
16,6049,,,,,,,,,,,,,,,9.999999747378752e-05,9.999999747378752e-05,3.232564267818816e-06,,,,,,,,,,,,,,,,
16,6099,,,,,,,,,,,,,,,9.999999747378752e-05,9.999999747378752e-05,3.232564267818816e-06,,,,,,,,,,,,,,,,
16,6149,,,,,,,,,,,,,,,9.999999747378752e-05,9.999999747378752e-05,3.232564267818816e-06,,,,,,,,,,,,,,,,
16,6187,,,,,,,,,,,,,,,,,,0.6948977708816528,0.6067793965339661,0.5501406192779541,0.5204205513000488,0.5655959248542786,0.8416076898574829,0.884727954864502,0.606650710105896,0.7441630363464355,3.7470459938049316,0.8798379898071289,0.5875668525695801,0.6436974406242371,0.7271979451179504,0.8973586559295654,0.7951053977012634
16,6187,3891.145263671875,3872.66650390625,3738.064208984375,4.123323917388916,3.827427864074707,0.04903920739889145,0.05113372579216957,0.05669861659407616,0.6033676266670227,0.6475417613983154,0.6446269750595093,0.1820615828037262,0.18823343515396118,0.20347121357917786,,,,,,,,,,,,,,,,,,,
17,6199,,,,,,,,,,,,,,,9.999999747378752e-05,9.999999747378752e-05,3.232564267818816e-06,,,,,,,,,,,,,,,,
17,6249,,,,,,,,,,,,,,,9.999999747378752e-05,9.999999747378752e-05,3.232564267818816e-06,,,,,,,,,,,,,,,,
17,6299,,,,,,,,,,,,,,,9.999999747378752e-05,9.999999747378752e-05,3.232564267818816e-06,,,,,,,,,,,,,,,,
17,6349,,,,,,,,,,,,,,,9.999999747378752e-05,9.999999747378752e-05,3.232564267818816e-06,,,,,,,,,,,,,,,,
17,6399,,,,,,,,,,,,,,,9.999999747378752e-05,9.999999747378752e-05,3.232564267818816e-06,,,,,,,,,,,,,,,,
17,6449,,,,,,,,,,,,,,,9.999999747378752e-05,9.999999747378752e-05,3.232564267818816e-06,,,,,,,,,,,,,,,,
17,6499,,,,,,,,,,,,,,,9.999999747378752e-05,9.999999747378752e-05,3.232564267818816e-06,,,,,,,,,,,,,,,,
17,6549,,,,,,,,,,,,,,,9.999999747378752e-05,9.999999747378752e-05,3.232564267818816e-06,,,,,,,,,,,,,,,,
17,6551,,,,,,,,,,,,,,,,,,0.7076382637023926,0.5925116539001465,0.5717045068740845,0.5586544871330261,0.5776605606079102,0.8430677652359009,0.8913673758506775,0.616837739944458,0.7470013499259949,3.694492816925049,0.8768903017044067,0.6016339063644409,0.67535799741745,0.7412378787994385,0.8918010592460632,0.8015338778495789
17,6551,3871.456787109375,3874.587158203125,3736.93310546875,3.6254162788391113,3.718730926513672,0.048357103019952774,0.04988553002476692,0.056130073964595795,0.5769137144088745,0.6251115798950195,0.621618390083313,0.17924107611179352,0.1834246814250946,0.19894634187221527,,,,,,,,,,,,,,,,,,,
18,6599,,,,,,,,,,,,,,,9.999999747378752e-05,9.999999747378752e-05,3.232564267818816e-06,,,,,,,,,,,,,,,,
18,6649,,,,,,,,,,,,,,,9.999999747378752e-05,9.999999747378752e-05,3.232564267818816e-06,,,,,,,,,,,,,,,,
18,6699,,,,,,,,,,,,,,,9.999999747378752e-05,9.999999747378752e-05,3.232564267818816e-06,,,,,,,,,,,,,,,,
18,6749,,,,,,,,,,,,,,,9.999999747378752e-05,9.999999747378752e-05,3.232564267818816e-06,,,,,,,,,,,,,,,,
18,6799,,,,,,,,,,,,,,,9.999999747378752e-05,9.999999747378752e-05,3.232564267818816e-06,,,,,,,,,,,,,,,,
18,6849,,,,,,,,,,,,,,,9.999999747378752e-05,9.999999747378752e-05,3.232564267818816e-06,,,,,,,,,,,,,,,,
18,6899,,,,,,,,,,,,,,,9.999999747378752e-05,9.999999747378752e-05,3.232564267818816e-06,,,,,,,,,,,,,,,,
18,6915,,,,,,,,,,,,,,,,,,0.7029125690460205,0.5881056785583496,0.5395846366882324,0.5452415347099304,0.5621519684791565,0.8454914093017578,0.888529360294342,0.6169627904891968,0.7498037815093994,3.797471761703491,0.8713032007217407,0.5875992774963379,0.6721686720848083,0.7348343729972839,0.9140987992286682,0.7889212369918823
18,6915,3886.76416015625,3883.671630859375,3701.639404296875,3.608795404434204,3.735330104827881,0.04834655672311783,0.049901437014341354,0.054954465478658676,0.5848023891448975,0.6324127316474915,0.6261798143386841,0.18001993000507355,0.18486951291561127,0.19807259738445282,,,,,,,,,,,,,,,,,,,
19,6949,,,,,,,,,,,,,,,9.999999747378752e-05,9.999999747378752e-05,3.232564267818816e-06,,,,,,,,,,,,,,,,
19,6999,,,,,,,,,,,,,,,9.999999747378752e-05,9.999999747378752e-05,3.232564267818816e-06,,,,,,,,,,,,,,,,
19,7049,,,,,,,,,,,,,,,9.999999747378752e-05,9.999999747378752e-05,3.232564267818816e-06,,,,,,,,,,,,,,,,
19,7099,,,,,,,,,,,,,,,9.999999747378752e-05,9.999999747378752e-05,3.232564267818816e-06,,,,,,,,,,,,,,,,
19,7149,,,,,,,,,,,,,,,9.999999747378752e-05,9.999999747378752e-05,3.232564267818816e-06,,,,,,,,,,,,,,,,
19,7199,,,,,,,,,,,,,,,9.999999747378752e-05,9.999999747378752e-05,3.232564267818816e-06,,,,,,,,,,,,,,,,
19,7249,,,,,,,,,,,,,,,9.999999747378752e-05,9.999999747378752e-05,3.232564267818816e-06,,,,,,,,,,,,,,,,
19,7279,,,,,,,,,,,,,,,,,,0.7092258334159851,0.5797483325004578,0.5662815570831299,0.5442705750465393,0.5765337347984314,0.8438979983329773,0.8917546272277832,0.6234361529350281,0.7538611888885498,3.703355312347412,0.8774781227111816,0.5952119827270508,0.6741405129432678,0.7377883791923523,0.9009180665016174,0.7961004376411438
19,7279,3888.10107421875,3887.792236328125,3718.923828125,3.562845468521118,3.713510036468506,0.04837855324149132,0.04999368265271187,0.05652514100074768,0.5770862102508545,0.6260356903076172,0.6191090941429138,0.17723195254802704,0.18208260834217072,0.19908063113689423,,,,,,,,,,,,,,,,,,,
20,7299,,,,,,,,,,,,,,,9.999999747378752e-05,9.999999747378752e-05,3.232564267818816e-06,,,,,,,,,,,,,,,,
20,7349,,,,,,,,,,,,,,,9.999999747378752e-05,9.999999747378752e-05,3.232564267818816e-06,,,,,,,,,,,,,,,,
20,7399,,,,,,,,,,,,,,,9.999999747378752e-05,9.999999747378752e-05,3.232564267818816e-06,,,,,,,,,,,,,,,,
20,7449,,,,,,,,,,,,,,,9.999999747378752e-05,9.999999747378752e-05,3.232564267818816e-06,,,,,,,,,,,,,,,,
20,7499,,,,,,,,,,,,,,,9.999999747378752e-05,9.999999747378752e-05,3.232564267818816e-06,,,,,,,,,,,,,,,,
20,7549,,,,,,,,,,,,,,,9.999999747378752e-05,9.999999747378752e-05,3.232564267818816e-06,,,,,,,,,,,,,,,,
20,7599,,,,,,,,,,,,,,,9.999999747378752e-05,9.999999747378752e-05,3.232564267818816e-06,,,,,,,,,,,,,,,,
20,7643,,,,,,,,,,,,,,,,,,0.7252394556999207,0.5976393222808838,0.5633631944656372,0.5268640518188477,0.5851062536239624,0.8498413562774658,0.8909850716590881,0.6212446093559265,0.7543624639511108,3.6719987392425537,0.8745602965354919,0.5996424555778503,0.6897692084312439,0.7442004680633545,0.9016311168670654,0.8045466542243958
20,7643,3890.58447265625,3890.44921875,3712.10205078125,3.4253408908843994,3.612769842147827,0.046337325125932693,0.04797197878360748,0.05363719165325165,0.560979962348938,0.6050500869750977,0.5985803604125977,0.17652902007102966,0.18142277002334595,0.19626185297966003,,,,,,,,,,,,,,,,,,,
21,7649,,,,,,,,,,,,,,,9.999999747378752e-05,9.999999747378752e-05,3.232564267818816e-06,,,,,,,,,,,,,,,,
21,7699,,,,,,,,,,,,,,,9.999999747378752e-05,9.999999747378752e-05,3.232564267818816e-06,,,,,,,,,,,,,,,,
21,7749,,,,,,,,,,,,,,,9.999999747378752e-05,9.999999747378752e-05,3.232564267818816e-06,,,,,,,,,,,,,,,,
21,7799,,,,,,,,,,,,,,,9.999999747378752e-05,9.999999747378752e-05,3.232564267818816e-06,,,,,,,,,,,,,,,,
21,7849,,,,,,,,,,,,,,,9.999999747378752e-05,9.999999747378752e-05,3.232564267818816e-06,,,,,,,,,,,,,,,,
21,7899,,,,,,,,,,,,,,,9.999999747378752e-05,9.999999747378752e-05,3.232564267818816e-06,,,,,,,,,,,,,,,,
21,7949,,,,,,,,,,,,,,,9.999999747378752e-05,9.999999747378752e-05,3.232564267818816e-06,,,,,,,,,,,,,,,,
21,7999,,,,,,,,,,,,,,,9.999999747378752e-05,9.999999747378752e-05,3.232564267818816e-06,,,,,,,,,,,,,,,,
21,8007,,,,,,,,,,,,,,,,,,0.7141214609146118,0.5971262454986572,0.5556589961051941,0.5361257195472717,0.5909534692764282,0.8494039177894592,0.8964866399765015,0.6218621134757996,0.7536289691925049,3.692347526550293,0.8824225068092346,0.5987971425056458,0.6856119632720947,0.7342034578323364,0.9049912691116333,0.8023579716682434
21,8007,3893.92919921875,3890.149658203125,3694.19677734375,2.923712730407715,3.695573329925537,0.048407357186079025,0.05032089725136757,0.0549749918282032,0.5713071227073669,0.6172930002212524,0.6135951280593872,0.17935118079185486,0.18519216775894165,0.1978880912065506,,,,,,,,,,,,,,,,,,,
22,8049,,,,,,,,,,,,,,,9.999999747378752e-05,9.999999747378752e-05,3.232564267818816e-06,,,,,,,,,,,,,,,,
22,8099,,,,,,,,,,,,,,,9.999999747378752e-05,9.999999747378752e-05,3.232564267818816e-06,,,,,,,,,,,,,,,,
22,8149,,,,,,,,,,,,,,,9.999999747378752e-05,9.999999747378752e-05,3.232564267818816e-06,,,,,,,,,,,,,,,,
22,8199,,,,,,,,,,,,,,,9.999999747378752e-05,9.999999747378752e-05,3.232564267818816e-06,,,,,,,,,,,,,,,,
22,8249,,,,,,,,,,,,,,,9.999999747378752e-05,9.999999747378752e-05,3.232564267818816e-06,,,,,,,,,,,,,,,,
22,8299,,,,,,,,,,,,,,,9.999999747378752e-05,9.999999747378752e-05,3.232564267818816e-06,,,,,,,,,,,,,,,,
22,8349,,,,,,,,,,,,,,,9.999999747378752e-05,9.999999747378752e-05,3.232564267818816e-06,,,,,,,,,,,,,,,,
22,8371,,,,,,,,,,,,,,,,,,0.7093306183815002,0.6005933284759521,0.5713578462600708,0.5632019639015198,0.584068238735199,0.8518909811973572,0.8992780447006226,0.6259133219718933,0.7565887570381165,3.652655601501465,0.8796846270561218,0.6057103872299194,0.695060670375824,0.7351090908050537,0.8999649882316589,0.8108869791030884
22,8371,3895.439453125,3892.60205078125,3688.373291015625,3.236304998397827,3.6175637245178223,0.04715455695986748,0.048822298645973206,0.05448161065578461,0.5604671239852905,0.6066802144050598,0.6048433184623718,0.17378628253936768,0.17919765412807465,0.19365760684013367,,,,,,,,,,,,,,,,,,,
23,8399,,,,,,,,,,,,,,,9.999999747378752e-05,9.999999747378752e-05,3.232564267818816e-06,,,,,,,,,,,,,,,,
23,8449,,,,,,,,,,,,,,,9.999999747378752e-05,9.999999747378752e-05,3.232564267818816e-06,,,,,,,,,,,,,,,,
23,8499,,,,,,,,,,,,,,,9.999999747378752e-05,9.999999747378752e-05,3.232564267818816e-06,,,,,,,,,,,,,,,,
23,8549,,,,,,,,,,,,,,,9.999999747378752e-05,9.999999747378752e-05,3.232564267818816e-06,,,,,,,,,,,,,,,,
23,8599,,,,,,,,,,,,,,,9.999999747378752e-05,9.999999747378752e-05,3.232564267818816e-06,,,,,,,,,,,,,,,,
23,8649,,,,,,,,,,,,,,,9.999999747378752e-05,9.999999747378752e-05,3.232564267818816e-06,,,,,,,,,,,,,,,,
23,8699,,,,,,,,,,,,,,,9.999999747378752e-05,9.999999747378752e-05,3.232564267818816e-06,,,,,,,,,,,,,,,,
23,8735,,,,,,,,,,,,,,,,,,0.724332332611084,0.6323942542076111,0.5883623361587524,0.5476261973381042,0.5859182476997375,0.8484793901443481,0.8972938656806946,0.6312142014503479,0.7562543749809265,3.5852322578430176,0.8784230947494507,0.6157266497612,0.6976126432418823,0.752227246761322,0.8674523830413818,0.8310368061065674
23,8735,3893.448486328125,3893.5458984375,3743.92724609375,2.9159131050109863,3.5153915882110596,0.04546372592449188,0.04715793579816818,0.05279780551791191,0.5531185865402222,0.5928479433059692,0.5930770635604858,0.16669000685214996,0.1717292219400406,0.1862069070339203,,,,,,,,,,,,,,,,,,,
24,8749,,,,,,,,,,,,,,,9.999999747378752e-05,9.999999747378752e-05,3.232564267818816e-06,,,,,,,,,,,,,,,,
24,8799,,,,,,,,,,,,,,,9.999999747378752e-05,9.999999747378752e-05,3.232564267818816e-06,,,,,,,,,,,,,,,,
24,8849,,,,,,,,,,,,,,,9.999999747378752e-05,9.999999747378752e-05,3.232564267818816e-06,,,,,,,,,,,,,,,,
24,8899,,,,,,,,,,,,,,,9.999999747378752e-05,9.999999747378752e-05,3.232564267818816e-06,,,,,,,,,,,,,,,,
24,8949,,,,,,,,,,,,,,,9.999999747378752e-05,9.999999747378752e-05,3.232564267818816e-06,,,,,,,,,,,,,,,,
24,8999,,,,,,,,,,,,,,,9.999999747378752e-05,9.999999747378752e-05,3.232564267818816e-06,,,,,,,,,,,,,,,,
24,9049,,,,,,,,,,,,,,,9.999999747378752e-05,9.999999747378752e-05,3.232564267818816e-06,,,,,,,,,,,,,,,,
24,9099,,,,,,,,,,,,,,,9.999999747378752e-05,9.999999747378752e-05,3.232564267818816e-06,,,,,,,,,,,,,,,,
24,9099,,,,,,,,,,,,,,,,,,0.7136861085891724,0.5992065072059631,0.571533739566803,0.5803372263908386,0.5893516540527344,0.8600013852119446,0.8977576494216919,0.636799693107605,0.7606672048568726,3.665175199508667,0.8825640678405762,0.6108230352401733,0.6904205679893494,0.7476122975349426,0.8967984914779663,0.827228307723999
24,9099,3895.813232421875,3889.20166015625,3719.0380859375,2.8094427585601807,3.6306729316711426,0.04651150479912758,0.04835573211312294,0.05469692498445511,0.5695632100105286,0.6144325137138367,0.6127745509147644,0.17187635600566864,0.17738157510757446,0.19378258287906647,,,,,,,,,,,,,,,,,,,
25,9149,,,,,,,,,,,,,,,9.999999747378752e-05,9.999999747378752e-05,3.232564267818816e-06,,,,,,,,,,,,,,,,
25,9199,,,,,,,,,,,,,,,9.999999747378752e-05,9.999999747378752e-05,3.232564267818816e-06,,,,,,,,,,,,,,,,
25,9249,,,,,,,,,,,,,,,9.999999747378752e-05,9.999999747378752e-05,3.232564267818816e-06,,,,,,,,,,,,,,,,
25,9299,,,,,,,,,,,,,,,9.999999747378752e-05,9.999999747378752e-05,3.232564267818816e-06,,,,,,,,,,,,,,,,
25,9349,,,,,,,,,,,,,,,9.999999747378752e-05,9.999999747378752e-05,3.232564267818816e-06,,,,,,,,,,,,,,,,
25,9399,,,,,,,,,,,,,,,9.999999747378752e-05,9.999999747378752e-05,3.232564267818816e-06,,,,,,,,,,,,,,,,
25,9449,,,,,,,,,,,,,,,9.999999747378752e-05,9.999999747378752e-05,3.232564267818816e-06,,,,,,,,,,,,,,,,
25,9463,,,,,,,,,,,,,,,,,,0.7147518396377563,0.6252813935279846,0.5955319404602051,0.5857954621315002,0.5890106558799744,0.8581640720367432,0.9069516062736511,0.6410742998123169,0.7592499852180481,3.6057686805725098,0.9006649851799011,0.6220742464065552,0.7183139324188232,0.7450859546661377,0.9105438590049744,0.8123908638954163
25,9463,3890.187744140625,3884.9873046875,3663.03955078125,3.075834274291992,3.642693042755127,0.046458467841148376,0.04843825101852417,0.05353355035185814,0.5650016665458679,0.6175616979598999,0.6098091006278992,0.17560063302516937,0.18233056366443634,0.1961534321308136,,,,,,,,,,,,,,,,,,,
26,9499,,,,,,,,,,,,,,,9.999999747378752e-05,9.999999747378752e-05,3.232564267818816e-06,,,,,,,,,,,,,,,,
26,9549,,,,,,,,,,,,,,,9.999999747378752e-05,9.999999747378752e-05,3.232564267818816e-06,,,,,,,,,,,,,,,,
26,9599,,,,,,,,,,,,,,,9.999999747378752e-05,9.999999747378752e-05,3.232564267818816e-06,,,,,,,,,,,,,,,,
26,9649,,,,,,,,,,,,,,,9.999999747378752e-05,9.999999747378752e-05,3.232564267818816e-06,,,,,,,,,,,,,,,,
26,9699,,,,,,,,,,,,,,,9.999999747378752e-05,9.999999747378752e-05,3.232564267818816e-06,,,,,,,,,,,,,,,,
26,9749,,,,,,,,,,,,,,,9.999999747378752e-05,9.999999747378752e-05,3.232564267818816e-06,,,,,,,,,,,,,,,,
26,9799,,,,,,,,,,,,,,,9.999999747378752e-05,9.999999747378752e-05,3.232564267818816e-06,,,,,,,,,,,,,,,,
26,9827,,,,,,,,,,,,,,,,,,0.704373300075531,0.635569155216217,0.5827159881591797,0.5970628261566162,0.5896630883216858,0.8607340455055237,0.9013792872428894,0.6363056898117065,0.7576624155044556,3.617403984069824,0.8962399959564209,0.6218768954277039,0.7111333012580872,0.7474063634872437,0.9063779711723328,0.8208712339401245
26,9827,3886.27392578125,3877.24658203125,3731.619384765625,2.430772542953491,3.4997477531433105,0.044978685677051544,0.04654379561543465,0.0522296279668808,0.5450572371482849,0.589746356010437,0.5878039598464966,0.1683586984872818,0.1730184257030487,0.18781299889087677,,,,,,,,,,,,,,,,,,,
27,9849,,,,,,,,,,,,,,,9.999999747378752e-05,9.999999747378752e-05,3.232564267818816e-06,,,,,,,,,,,,,,,,
27,9899,,,,,,,,,,,,,,,9.999999747378752e-05,9.999999747378752e-05,3.232564267818816e-06,,,,,,,,,,,,,,,,
27,9949,,,,,,,,,,,,,,,9.999999747378752e-05,9.999999747378752e-05,3.232564267818816e-06,,,,,,,,,,,,,,,,
27,9999,,,,,,,,,,,,,,,9.999999747378752e-05,9.999999747378752e-05,3.232564267818816e-06,,,,,,,,,,,,,,,,
27,10049,,,,,,,,,,,,,,,9.999999747378752e-05,9.999999747378752e-05,3.232564267818816e-06,,,,,,,,,,,,,,,,
27,10099,,,,,,,,,,,,,,,9.999999747378752e-05,9.999999747378752e-05,3.232564267818816e-06,,,,,,,,,,,,,,,,
27,10149,,,,,,,,,,,,,,,9.999999747378752e-05,9.999999747378752e-05,3.232564267818816e-06,,,,,,,,,,,,,,,,
27,10191,,,,,,,,,,,,,,,,,,0.7227491140365601,0.620237410068512,0.5923407077789307,0.5971589684486389,0.5897424221038818,0.8592625856399536,0.9049252867698669,0.6439322233200073,0.7581864595413208,3.5653226375579834,0.8915367126464844,0.6244457364082336,0.7244784235954285,0.7504351139068604,0.8834180235862732,0.8370632529258728
27,10191,3885.396240234375,3884.35400390625,3712.068603515625,2.9242148399353027,3.476280689239502,0.043890055269002914,0.04608521610498428,0.051609672605991364,0.5425285696983337,0.5885865092277527,0.5859039425849915,0.1657203882932663,0.17271536588668823,0.18723198771476746,,,,,,,,,,,,,,,,,,,
28,10199,,,,,,,,,,,,,,,9.999999747378752e-05,9.999999747378752e-05,3.232564267818816e-06,,,,,,,,,,,,,,,,
28,10249,,,,,,,,,,,,,,,9.999999747378752e-05,9.999999747378752e-05,3.232564267818816e-06,,,,,,,,,,,,,,,,
28,10299,,,,,,,,,,,,,,,9.999999747378752e-05,9.999999747378752e-05,3.232564267818816e-06,,,,,,,,,,,,,,,,
28,10349,,,,,,,,,,,,,,,9.999999747378752e-05,9.999999747378752e-05,3.232564267818816e-06,,,,,,,,,,,,,,,,
28,10399,,,,,,,,,,,,,,,9.999999747378752e-05,9.999999747378752e-05,3.232564267818816e-06,,,,,,,,,,,,,,,,
28,10449,,,,,,,,,,,,,,,9.999999747378752e-05,9.999999747378752e-05,3.232564267818816e-06,,,,,,,,,,,,,,,,
28,10499,,,,,,,,,,,,,,,9.999999747378752e-05,9.999999747378752e-05,3.232564267818816e-06,,,,,,,,,,,,,,,,
28,10549,,,,,,,,,,,,,,,9.999999747378752e-05,9.999999747378752e-05,3.232564267818816e-06,,,,,,,,,,,,,,,,
28,10555,,,,,,,,,,,,,,,,,,0.7219364047050476,0.6067214608192444,0.5930476188659668,0.5587399005889893,0.5966299176216125,0.8619632720947266,0.9038968682289124,0.6408827304840088,0.7595701813697815,3.550814390182495,0.883399486541748,0.6154150366783142,0.6961274147033691,0.749775230884552,0.9237728714942932,0.8097879886627197
28,10555,3888.2939453125,3885.64892578125,3695.649658203125,2.8913822174072266,3.448446035385132,0.044164106249809265,0.04582734778523445,0.05144079029560089,0.5339139103889465,0.5790681838989258,0.5800181031227112,0.166331484913826,0.17186424136161804,0.18594679236412048,,,,,,,,,,,,,,,,,,,
29,10599,,,,,,,,,,,,,,,9.999999747378752e-05,9.999999747378752e-05,3.232564267818816e-06,,,,,,,,,,,,,,,,
29,10649,,,,,,,,,,,,,,,9.999999747378752e-05,9.999999747378752e-05,3.232564267818816e-06,,,,,,,,,,,,,,,,
29,10699,,,,,,,,,,,,,,,9.999999747378752e-05,9.999999747378752e-05,3.232564267818816e-06,,,,,,,,,,,,,,,,
29,10749,,,,,,,,,,,,,,,9.999999747378752e-05,9.999999747378752e-05,3.232564267818816e-06,,,,,,,,,,,,,,,,
29,10799,,,,,,,,,,,,,,,9.999999747378752e-05,9.999999747378752e-05,3.232564267818816e-06,,,,,,,,,,,,,,,,
29,10849,,,,,,,,,,,,,,,9.999999747378752e-05,9.999999747378752e-05,3.232564267818816e-06,,,,,,,,,,,,,,,,
29,10899,,,,,,,,,,,,,,,9.999999747378752e-05,9.999999747378752e-05,3.232564267818816e-06,,,,,,,,,,,,,,,,
29,10919,,,,,,,,,,,,,,,,,,0.717037558555603,0.6044769883155823,0.5810404419898987,0.564020574092865,0.6033776998519897,0.8643002510070801,0.8997482657432556,0.6420376896858215,0.7585394978523254,3.590430736541748,0.8885208964347839,0.6139906644821167,0.7132533192634583,0.7342843413352966,0.9241692423820496,0.8145014643669128
29,10919,3888.14208984375,3887.149658203125,3736.63525390625,2.602151870727539,3.4100961685180664,0.04383531212806702,0.045664504170417786,0.05175808444619179,0.5269833207130432,0.5733923316001892,0.5707988142967224,0.16323137283325195,0.1682107299566269,0.18487447500228882,,,,,,,,,,,,,,,,,,,
